source,target,type,weight
267,160,Directed,1.0
267,134,Directed,1.0
307,190,Directed,0.5
160,190,Directed,0.5
267,357,Directed,1.0
631,112,Directed,0.3333333333333333
267,112,Directed,0.6666666666666666
631,843,Directed,0.6666666666666666
267,843,Directed,0.3333333333333333
236,267,Directed,1.0
267,418,Directed,1.0
267,361,Directed,0.8571428571428571
631,361,Directed,0.14285714285714285
267,428,Directed,1.0
267,643,Directed,1.0
267,148,Directed,1.0
215,79,Directed,1.0
847,44,Directed,0.1111111111111111
631,44,Directed,0.2222222222222222
593,44,Directed,0.6666666666666666
349,567,Directed,1.0
743,242,Directed,0.5
849,242,Directed,0.5
242,862,Directed,1.0
242,862,Directed,1.0
242,15,Directed,1.0
242,15,Directed,1.0
242,151,Directed,1.0
242,151,Directed,1.0
702,183,Directed,0.42857142857142855
593,183,Directed,0.5714285714285714
631,374,Directed,0.8571428571428571
306,374,Directed,0.14285714285714285
631,176,Directed,0.3333333333333333
3,176,Directed,0.3333333333333333
99,176,Directed,0.3333333333333333
291,577,Directed,1.0
291,577,Directed,1.0
291,577,Directed,1.0
100,8,Directed,0.75
293,8,Directed,0.25
541,856,Directed,0.5555555555555556
318,856,Directed,0.3333333333333333
322,856,Directed,0.1111111111111111
383,668,Directed,0.3333333333333333
100,668,Directed,0.6666666666666666
745,279,Directed,0.14285714285714285
839,279,Directed,0.8571428571428571
102,392,Directed,1.0
102,231,Directed,1.0
307,472,Directed,0.5
392,472,Directed,0.5
102,7,Directed,1.0
631,452,Directed,0.3333333333333333
102,452,Directed,0.6666666666666666
631,173,Directed,0.6666666666666666
102,173,Directed,0.3333333333333333
721,102,Directed,1.0
102,481,Directed,1.0
102,666,Directed,0.8571428571428571
631,666,Directed,0.14285714285714285
102,688,Directed,1.0
102,76,Directed,1.0
102,611,Directed,1.0
850,815,Directed,1.0
736,527,Directed,1.0
736,527,Directed,1.0
736,196,Directed,1.0
736,196,Directed,1.0
736,505,Directed,1.0
736,505,Directed,1.0
126,837,Directed,0.8571428571428571
631,837,Directed,0.14285714285714285
126,302,Directed,0.5
100,302,Directed,0.5
752,302,Directed,0.5
590,302,Directed,0.5
833,829,Directed,0.5
590,829,Directed,0.5
126,51,Directed,1.0
445,51,Directed,0.8888888888888888
590,51,Directed,0.1111111111111111
590,699,Directed,0.1111111111111111
421,699,Directed,0.4444444444444444
536,699,Directed,0.4444444444444444
606,590,Directed,1.0
179,590,Directed,1.0
769,713,Directed,1.0
541,200,Directed,0.8888888888888888
590,200,Directed,0.1111111111111111
200,235,Directed,1.0
598,235,Directed,0.8888888888888888
590,235,Directed,0.1111111111111111
210,769,Directed,0.8888888888888888
590,769,Directed,0.1111111111111111
590,126,Directed,0.5
412,126,Directed,0.5
237,703,Directed,0.3333333333333333
593,703,Directed,0.5555555555555556
170,703,Directed,0.1111111111111111
749,86,Directed,1.0
689,256,Directed,0.8571428571428571
631,256,Directed,0.14285714285714285
689,121,Directed,0.5
100,121,Directed,0.5
752,121,Directed,0.5
74,121,Directed,0.5
833,612,Directed,0.5
74,612,Directed,0.5
689,665,Directed,1.0
445,665,Directed,0.8888888888888888
74,665,Directed,0.1111111111111111
74,122,Directed,0.1111111111111111
421,122,Directed,0.4444444444444444
536,122,Directed,0.4444444444444444
634,74,Directed,1.0
759,74,Directed,1.0
346,487,Directed,1.0
503,874,Directed,1.0
541,555,Directed,0.8888888888888888
74,555,Directed,0.1111111111111111
555,389,Directed,1.0
598,389,Directed,0.8888888888888888
74,389,Directed,0.1111111111111111
210,346,Directed,0.8888888888888888
74,346,Directed,0.1111111111111111
74,689,Directed,0.5
412,689,Directed,0.5
248,350,Directed,1.0
489,248,Directed,1.0
350,248,Directed,1.0
792,732,Directed,0.75
80,732,Directed,0.25
100,790,Directed,0.6666666666666666
732,790,Directed,0.3333333333333333
631,347,Directed,0.5
125,347,Directed,0.5
100,745,Directed,1.0
97,185,Directed,1.0
77,834,Directed,0.75
749,834,Directed,0.25
509,619,Directed,1.0
619,648,Directed,1.0
648,706,Directed,1.0
648,706,Directed,1.0
648,667,Directed,1.0
648,667,Directed,1.0
648,429,Directed,1.0
648,429,Directed,1.0
823,494,Directed,0.8571428571428571
631,494,Directed,0.14285714285714285
823,331,Directed,0.5
100,331,Directed,0.5
752,331,Directed,0.5
277,331,Directed,0.5
833,535,Directed,0.5
277,535,Directed,0.5
823,697,Directed,1.0
445,697,Directed,0.8888888888888888
277,697,Directed,0.1111111111111111
277,729,Directed,0.1111111111111111
421,729,Directed,0.4444444444444444
536,729,Directed,0.4444444444444444
353,277,Directed,1.0
147,620,Directed,1.0
541,186,Directed,0.8888888888888888
277,186,Directed,0.1111111111111111
186,664,Directed,1.0
598,664,Directed,0.8888888888888888
277,664,Directed,0.1111111111111111
210,147,Directed,0.8888888888888888
277,147,Directed,0.1111111111111111
277,823,Directed,0.5
412,823,Directed,0.5
593,508,Directed,1.0
825,638,Directed,0.3333333333333333
673,638,Directed,0.2222222222222222
97,638,Directed,0.3333333333333333
710,638,Directed,0.1111111111111111
194,861,Directed,0.14285714285714285
845,861,Directed,0.42857142857142855
631,861,Directed,0.42857142857142855
383,833,Directed,0.5
125,833,Directed,0.5
853,295,Directed,0.5
650,295,Directed,0.5
100,164,Directed,0.6666666666666666
792,164,Directed,0.3333333333333333
593,609,Directed,1.0
593,471,Directed,0.3333333333333333
866,471,Directed,0.6666666666666666
530,827,Directed,1.0
100,307,Directed,1.0
307,129,Directed,0.5
137,129,Directed,0.5
496,679,Directed,1.0
78,679,Directed,1.0
258,734,Directed,1.0
141,734,Directed,1.0
280,20,Directed,1.0
736,20,Directed,1.0
772,20,Directed,1.0
771,424,Directed,1.0
354,424,Directed,1.0
660,367,Directed,1.0
539,367,Directed,1.0
753,23,Directed,1.0
305,23,Directed,1.0
197,859,Directed,1.0
73,859,Directed,1.0
31,859,Directed,1.0
509,264,Directed,1.0
498,232,Directed,0.8
441,232,Directed,0.2
763,562,Directed,1.0
562,763,Directed,1.0
334,562,Directed,1.0
370,562,Directed,1.0
334,562,Directed,1.0
370,562,Directed,1.0
120,205,Directed,0.5
536,205,Directed,0.5
78,496,Directed,1.0
78,496,Directed,1.0
78,393,Directed,1.0
78,393,Directed,1.0
78,195,Directed,1.0
78,195,Directed,1.0
849,682,Directed,1.0
849,682,Directed,1.0
849,543,Directed,1.0
849,543,Directed,1.0
849,118,Directed,1.0
849,118,Directed,1.0
847,310,Directed,0.42857142857142855
31,310,Directed,0.42857142857142855
154,310,Directed,0.14285714285714285
593,41,Directed,0.8
441,41,Directed,0.2
293,737,Directed,1.0
433,180,Directed,0.8888888888888888
617,180,Directed,0.1111111111111111
599,149,Directed,1.0
599,149,Directed,1.0
599,149,Directed,1.0
476,28,Directed,1.0
476,28,Directed,1.0
476,28,Directed,1.0
546,342,Directed,1.0
546,342,Directed,1.0
546,342,Directed,1.0
783,782,Directed,1.0
783,782,Directed,1.0
783,782,Directed,1.0
791,800,Directed,1.0
791,800,Directed,1.0
791,800,Directed,1.0
203,22,Directed,1.0
203,22,Directed,1.0
203,22,Directed,1.0
364,159,Directed,1.0
364,159,Directed,1.0
364,159,Directed,1.0
97,372,Directed,0.6666666666666666
353,372,Directed,0.3333333333333333
378,608,Directed,1.0
608,378,Directed,1.0
9,378,Directed,1.0
251,378,Directed,1.0
96,378,Directed,1.0
9,378,Directed,1.0
251,378,Directed,1.0
96,378,Directed,1.0
808,378,Directed,1.0
187,276,Directed,1.0
754,343,Directed,1.0
141,103,Directed,1.0
867,568,Directed,1.0
73,607,Directed,1.0
100,172,Directed,1.0
792,394,Directed,0.5
517,394,Directed,0.5
430,835,Directed,1.0
430,10,Directed,1.0
631,413,Directed,0.3333333333333333
430,413,Directed,0.6666666666666666
631,672,Directed,0.6666666666666666
430,672,Directed,0.3333333333333333
108,578,Directed,1.0
406,430,Directed,1.0
430,335,Directed,1.0
430,816,Directed,0.8571428571428571
631,816,Directed,0.14285714285714285
430,502,Directed,1.0
430,750,Directed,1.0
430,115,Directed,1.0
631,341,Directed,0.42857142857142855
526,341,Directed,0.14285714285714285
593,341,Directed,0.14285714285714285
125,341,Directed,0.2857142857142857
608,27,Directed,1.0
608,27,Directed,1.0
27,636,Directed,1.0
608,636,Directed,1.0
27,636,Directed,1.0
27,767,Directed,1.0
608,767,Directed,1.0
27,767,Directed,1.0
539,819,Directed,1.0
539,819,Directed,1.0
819,518,Directed,1.0
819,518,Directed,1.0
539,518,Directed,1.0
305,473,Directed,1.0
305,473,Directed,1.0
473,222,Directed,1.0
473,222,Directed,1.0
305,222,Directed,1.0
474,416,Directed,0.8571428571428571
631,416,Directed,0.14285714285714285
474,165,Directed,0.5
100,165,Directed,0.5
752,165,Directed,0.5
241,165,Directed,0.5
833,479,Directed,0.5
241,479,Directed,0.5
474,81,Directed,1.0
445,81,Directed,0.8888888888888888
241,81,Directed,0.1111111111111111
241,216,Directed,0.1111111111111111
421,216,Directed,0.4444444444444444
536,216,Directed,0.4444444444444444
74,241,Directed,0.5
402,241,Directed,0.5
804,217,Directed,1.0
541,111,Directed,0.8888888888888888
241,111,Directed,0.1111111111111111
111,714,Directed,1.0
598,714,Directed,0.8888888888888888
241,714,Directed,0.1111111111111111
210,804,Directed,0.8888888888888888
241,804,Directed,0.1111111111111111
241,474,Directed,0.5
412,474,Directed,0.5
344,576,Directed,1.0
344,533,Directed,1.0
307,848,Directed,0.5
576,848,Directed,0.5
344,544,Directed,1.0
631,795,Directed,0.3333333333333333
344,795,Directed,0.6666666666666666
631,166,Directed,0.6666666666666666
344,166,Directed,0.3333333333333333
123,344,Directed,1.0
344,405,Directed,1.0
344,511,Directed,0.8571428571428571
631,511,Directed,0.14285714285714285
344,644,Directed,1.0
344,738,Directed,1.0
344,16,Directed,1.0
565,575,Directed,1.0
590,483,Directed,0.1111111111111111
84,483,Directed,0.8888888888888888
483,411,Directed,1.0
483,411,Directed,1.0
483,230,Directed,1.0
483,230,Directed,1.0
541,569,Directed,0.3333333333333333
154,569,Directed,0.3333333333333333
293,569,Directed,0.3333333333333333
78,507,Directed,1.0
512,187,Directed,1.0
78,187,Directed,1.0
512,187,Directed,1.0
187,252,Directed,1.0
78,252,Directed,1.0
187,252,Directed,1.0
512,252,Directed,1.0
187,326,Directed,1.0
78,326,Directed,1.0
187,326,Directed,1.0
512,326,Directed,1.0
187,704,Directed,1.0
78,704,Directed,1.0
187,704,Directed,1.0
512,704,Directed,1.0
187,754,Directed,1.0
78,754,Directed,1.0
187,754,Directed,1.0
512,754,Directed,1.0
754,220,Directed,1.0
78,220,Directed,1.0
187,220,Directed,1.0
754,220,Directed,1.0
512,220,Directed,1.0
754,345,Directed,1.0
78,345,Directed,1.0
187,345,Directed,1.0
754,345,Directed,1.0
512,345,Directed,1.0
754,142,Directed,1.0
78,142,Directed,1.0
187,142,Directed,1.0
754,142,Directed,1.0
512,142,Directed,1.0
136,229,Directed,0.125
441,229,Directed,0.125
593,229,Directed,0.75
55,506,Directed,1.0
631,708,Directed,0.4
506,708,Directed,0.6
506,55,Directed,1.0
506,626,Directed,1.0
506,71,Directed,1.0
696,506,Directed,1.0
287,506,Directed,1.0
696,506,Directed,1.0
287,506,Directed,1.0
506,271,Directed,1.0
631,522,Directed,0.5
506,522,Directed,0.5
506,156,Directed,1.0
631,208,Directed,0.4
506,208,Directed,0.6
631,311,Directed,0.6666666666666666
506,311,Directed,0.3333333333333333
631,268,Directed,0.3333333333333333
506,268,Directed,0.6666666666666666
849,743,Directed,0.5
154,743,Directed,0.5
743,655,Directed,1.0
743,655,Directed,1.0
743,427,Directed,1.0
743,427,Directed,1.0
743,432,Directed,1.0
743,432,Directed,1.0
849,698,Directed,0.7777777777777778
441,698,Directed,0.1111111111111111
347,698,Directed,0.1111111111111111
669,625,Directed,1.0
625,669,Directed,1.0
722,625,Directed,1.0
722,625,Directed,1.0
722,625,Directed,1.0
39,150,Directed,1.0
849,630,Directed,0.875
441,630,Directed,0.125
127,447,Directed,1.0
447,127,Directed,1.0
658,447,Directed,1.0
591,447,Directed,1.0
658,447,Directed,1.0
591,447,Directed,1.0
318,807,Directed,0.5714285714285714
732,807,Directed,0.14285714285714285
506,807,Directed,0.2857142857142857
318,298,Directed,0.8888888888888888
573,298,Directed,0.1111111111111111
640,573,Directed,0.5
86,573,Directed,0.5
573,337,Directed,0.1111111111111111
541,337,Directed,0.7777777777777778
18,337,Directed,0.1111111111111111
585,715,Directed,0.5
749,715,Directed,0.5
604,519,Directed,1.0
604,519,Directed,1.0
519,255,Directed,1.0
519,255,Directed,1.0
604,255,Directed,1.0
519,388,Directed,1.0
519,388,Directed,1.0
604,388,Directed,1.0
519,642,Directed,1.0
519,642,Directed,1.0
604,642,Directed,1.0
813,773,Directed,1.0
813,773,Directed,1.0
773,595,Directed,1.0
813,595,Directed,1.0
773,595,Directed,1.0
773,308,Directed,1.0
813,308,Directed,1.0
773,308,Directed,1.0
162,87,Directed,0.3333333333333333
757,87,Directed,0.3333333333333333
673,87,Directed,0.3333333333333333
877,842,Directed,0.5
792,842,Directed,0.5
877,213,Directed,0.3333333333333333
86,213,Directed,0.3333333333333333
562,213,Directed,0.3333333333333333
827,213,Directed,0.3333333333333333
631,853,Directed,0.6
125,853,Directed,0.4
100,854,Directed,0.6666666666666666
3,854,Directed,0.3333333333333333
593,652,Directed,0.5
3,652,Directed,0.5
792,300,Directed,0.5
356,300,Directed,0.5
619,247,Directed,1.0
77,170,Directed,1.0
170,233,Directed,0.5
137,233,Directed,0.5
421,541,Directed,1.0
541,36,Directed,1.0
541,598,Directed,1.0
832,739,Directed,0.8888888888888888
556,739,Directed,0.1111111111111111
493,466,Directed,1.0
409,61,Directed,0.5
211,61,Directed,0.5
498,618,Directed,0.8888888888888888
273,618,Directed,0.1111111111111111
631,446,Directed,0.4
498,446,Directed,0.6
498,821,Directed,1.0
832,646,Directed,0.8888888888888888
650,646,Directed,0.1111111111111111
498,193,Directed,1.0
498,442,Directed,1.0
631,244,Directed,0.5
498,244,Directed,0.5
498,259,Directed,1.0
631,794,Directed,0.4
498,794,Directed,0.6
631,484,Directed,0.6666666666666666
498,484,Directed,0.3333333333333333
631,728,Directed,0.3333333333333333
498,728,Directed,0.6666666666666666
498,57,Directed,1.0
204,498,Directed,1.0
325,498,Directed,1.0
809,498,Directed,1.0
29,498,Directed,1.0
57,498,Directed,1.0
832,498,Directed,1.0
204,498,Directed,1.0
325,498,Directed,1.0
809,498,Directed,1.0
29,498,Directed,1.0
498,832,Directed,1.0
794,832,Directed,1.0
484,832,Directed,1.0
446,832,Directed,1.0
244,832,Directed,1.0
728,832,Directed,1.0
442,832,Directed,1.0
193,832,Directed,1.0
259,832,Directed,1.0
821,832,Directed,1.0
323,832,Directed,1.0
794,832,Directed,1.0
484,832,Directed,1.0
446,832,Directed,1.0
244,832,Directed,1.0
728,832,Directed,1.0
442,832,Directed,1.0
193,832,Directed,1.0
259,832,Directed,1.0
821,832,Directed,1.0
323,832,Directed,1.0
743,678,Directed,0.5
154,678,Directed,0.5
678,301,Directed,1.0
678,301,Directed,1.0
678,614,Directed,1.0
678,614,Directed,1.0
678,639,Directed,1.0
678,639,Directed,1.0
407,765,Directed,0.8571428571428571
631,765,Directed,0.14285714285714285
407,65,Directed,0.5
100,65,Directed,0.5
752,65,Directed,0.5
132,65,Directed,0.5
833,841,Directed,0.5
132,841,Directed,0.5
407,212,Directed,1.0
445,212,Directed,0.8888888888888888
132,212,Directed,0.1111111111111111
132,146,Directed,0.1111111111111111
421,146,Directed,0.4444444444444444
536,146,Directed,0.4444444444444444
590,132,Directed,0.5
762,132,Directed,0.5
281,140,Directed,1.0
541,168,Directed,0.8888888888888888
132,168,Directed,0.1111111111111111
168,192,Directed,1.0
598,192,Directed,0.8888888888888888
132,192,Directed,0.1111111111111111
210,281,Directed,0.8888888888888888
132,281,Directed,0.1111111111111111
132,407,Directed,0.5
412,407,Directed,0.5
227,297,Directed,0.8571428571428571
631,297,Directed,0.14285714285714285
227,548,Directed,0.5
100,548,Directed,0.5
752,548,Directed,0.5
402,548,Directed,0.5
833,564,Directed,0.5
402,564,Directed,0.5
227,802,Directed,1.0
445,802,Directed,0.8888888888888888
402,802,Directed,0.1111111111111111
402,857,Directed,0.1111111111111111
421,857,Directed,0.4444444444444444
536,857,Directed,0.4444444444444444
70,402,Directed,1.0
468,443,Directed,1.0
541,223,Directed,0.8888888888888888
402,223,Directed,0.1111111111111111
223,534,Directed,1.0
598,534,Directed,0.8888888888888888
402,534,Directed,0.1111111111111111
210,468,Directed,0.8888888888888888
402,468,Directed,0.1111111111111111
402,227,Directed,0.5
412,227,Directed,0.5
100,85,Directed,0.4
495,85,Directed,0.2
631,85,Directed,0.4
97,355,Directed,1.0
593,470,Directed,1.0
383,4,Directed,1.0
806,670,Directed,1.0
670,806,Directed,0.2
36,806,Directed,0.8
307,330,Directed,0.16666666666666666
593,330,Directed,0.8333333333333334
330,106,Directed,0.5
137,106,Directed,0.5
631,408,Directed,0.4
593,408,Directed,0.6
593,54,Directed,1.0
593,702,Directed,1.0
593,131,Directed,1.0
593,434,Directed,1.0
593,435,Directed,1.0
593,592,Directed,1.0
631,836,Directed,0.5
593,836,Directed,0.5
94,593,Directed,1.0
758,593,Directed,1.0
93,593,Directed,1.0
702,593,Directed,1.0
866,593,Directed,1.0
94,593,Directed,1.0
758,593,Directed,1.0
93,593,Directed,1.0
593,674,Directed,1.0
593,866,Directed,1.0
779,866,Directed,1.0
289,866,Directed,1.0
408,866,Directed,1.0
836,866,Directed,1.0
632,866,Directed,1.0
592,866,Directed,1.0
434,866,Directed,1.0
674,866,Directed,1.0
131,866,Directed,1.0
683,866,Directed,1.0
868,866,Directed,1.0
711,866,Directed,1.0
189,866,Directed,1.0
540,866,Directed,1.0
779,866,Directed,1.0
289,866,Directed,1.0
408,866,Directed,1.0
836,866,Directed,1.0
632,866,Directed,1.0
592,866,Directed,1.0
434,866,Directed,1.0
674,866,Directed,1.0
131,866,Directed,1.0
683,866,Directed,1.0
868,866,Directed,1.0
711,866,Directed,1.0
189,866,Directed,1.0
540,866,Directed,1.0
631,779,Directed,0.4
593,779,Directed,0.6
631,289,Directed,0.6666666666666666
593,289,Directed,0.3333333333333333
631,632,Directed,0.3333333333333333
593,632,Directed,0.6666666666666666
593,207,Directed,1.0
631,409,Directed,0.8888888888888888
80,409,Directed,0.1111111111111111
366,58,Directed,0.5
761,58,Directed,0.5
100,838,Directed,0.8888888888888888
506,838,Directed,0.1111111111111111
633,38,Directed,1.0
633,431,Directed,1.0
307,616,Directed,0.5
38,616,Directed,0.5
633,275,Directed,1.0
631,117,Directed,0.3333333333333333
633,117,Directed,0.6666666666666666
631,313,Directed,0.6666666666666666
633,313,Directed,0.3333333333333333
510,633,Directed,1.0
633,221,Directed,1.0
633,610,Directed,0.8571428571428571
631,610,Directed,0.14285714285714285
633,659,Directed,1.0
633,572,Directed,1.0
633,104,Directed,1.0
589,654,Directed,1.0
631,109,Directed,1.0
761,62,Directed,0.1111111111111111
866,62,Directed,0.8888888888888888
634,747,Directed,1.0
747,634,Directed,1.0
516,634,Directed,1.0
12,634,Directed,1.0
516,634,Directed,1.0
12,634,Directed,1.0
64,872,Directed,0.2
125,872,Directed,0.8
623,80,Directed,1.0
80,299,Directed,1.0
80,583,Directed,1.0
80,33,Directed,1.0
80,391,Directed,1.0
80,691,Directed,1.0
790,436,Directed,0.2
293,436,Directed,0.8
849,477,Directed,0.5
631,477,Directed,0.5
378,681,Directed,1.0
304,265,Directed,0.8571428571428571
631,265,Directed,0.14285714285714285
304,675,Directed,0.5
100,675,Directed,0.5
752,675,Directed,0.5
542,675,Directed,0.5
833,716,Directed,0.5
542,716,Directed,0.5
304,437,Directed,1.0
445,437,Directed,0.8888888888888888
542,437,Directed,0.1111111111111111
542,480,Directed,0.1111111111111111
421,480,Directed,0.4444444444444444
536,480,Directed,0.4444444444444444
340,542,Directed,1.0
74,542,Directed,0.5
762,542,Directed,0.5
352,600,Directed,1.0
541,740,Directed,0.8888888888888888
542,740,Directed,0.1111111111111111
740,875,Directed,1.0
598,875,Directed,0.8888888888888888
542,875,Directed,0.1111111111111111
210,352,Directed,0.8888888888888888
542,352,Directed,0.1111111111111111
542,304,Directed,0.5
412,304,Directed,0.5
547,283,Directed,0.8571428571428571
631,283,Directed,0.14285714285714285
547,384,Directed,0.5
100,384,Directed,0.5
752,384,Directed,0.5
336,384,Directed,0.5
833,460,Directed,0.5
336,460,Directed,0.5
547,801,Directed,1.0
445,801,Directed,0.8888888888888888
336,801,Directed,0.1111111111111111
336,830,Directed,0.1111111111111111
421,830,Directed,0.4444444444444444
536,830,Directed,0.4444444444444444
587,336,Directed,1.0
590,336,Directed,0.3333333333333333
762,336,Directed,0.6666666666666666
132,336,Directed,0.5
762,336,Directed,0.5
356,336,Directed,1.0
523,336,Directed,1.0
725,309,Directed,1.0
541,60,Directed,0.8888888888888888
336,60,Directed,0.1111111111111111
60,863,Directed,1.0
598,863,Directed,0.8888888888888888
336,863,Directed,0.1111111111111111
210,725,Directed,0.8888888888888888
336,725,Directed,0.1111111111111111
336,547,Directed,0.5
412,547,Directed,0.5
498,521,Directed,1.0
475,130,Directed,0.8571428571428571
631,130,Directed,0.14285714285714285
475,284,Directed,0.5
100,284,Directed,0.5
752,284,Directed,0.5
784,284,Directed,0.5
833,545,Directed,0.5
784,545,Directed,0.5
475,381,Directed,1.0
445,381,Directed,0.8888888888888888
784,381,Directed,0.1111111111111111
784,490,Directed,0.1111111111111111
421,490,Directed,0.4444444444444444
536,490,Directed,0.4444444444444444
402,784,Directed,0.5
762,784,Directed,0.5
746,784,Directed,1.0
549,40,Directed,1.0
541,82,Directed,0.8888888888888888
784,82,Directed,0.1111111111111111
82,209,Directed,1.0
598,209,Directed,0.8888888888888888
784,209,Directed,0.1111111111111111
210,549,Directed,0.8888888888888888
784,549,Directed,0.1111111111111111
784,475,Directed,0.5
412,475,Directed,0.5
579,410,Directed,0.1111111111111111
859,410,Directed,0.8888888888888888
100,324,Directed,0.5
125,324,Directed,0.5
451,860,Directed,0.8571428571428571
631,860,Directed,0.14285714285714285
451,756,Directed,0.5
100,756,Directed,0.5
752,756,Directed,0.5
748,756,Directed,0.5
833,382,Directed,0.5
748,382,Directed,0.5
451,404,Directed,1.0
445,404,Directed,0.8888888888888888
748,404,Directed,0.1111111111111111
748,377,Directed,0.1111111111111111
421,377,Directed,0.4444444444444444
536,377,Directed,0.4444444444444444
133,748,Directed,1.0
74,748,Directed,0.3333333333333333
501,748,Directed,0.3333333333333333
95,748,Directed,0.3333333333333333
74,748,Directed,0.25
501,748,Directed,0.5
762,748,Directed,0.25
596,748,Directed,1.0
161,748,Directed,0.5
95,748,Directed,0.5
11,462,Directed,1.0
541,537,Directed,0.8888888888888888
748,537,Directed,0.1111111111111111
537,717,Directed,1.0
598,717,Directed,0.8888888888888888
748,717,Directed,0.1111111111111111
210,11,Directed,0.8888888888888888
748,11,Directed,0.1111111111111111
748,451,Directed,0.5
412,451,Directed,0.5
805,776,Directed,1.0
86,805,Directed,0.5
64,805,Directed,0.5
224,755,Directed,1.0
224,449,Directed,1.0
307,811,Directed,0.5
755,811,Directed,0.5
224,113,Directed,1.0
631,870,Directed,0.3333333333333333
224,870,Directed,0.6666666666666666
631,45,Directed,0.6666666666666666
224,45,Directed,0.3333333333333333
766,224,Directed,1.0
224,270,Directed,1.0
224,778,Directed,0.8571428571428571
631,778,Directed,0.14285714285714285
224,417,Directed,1.0
224,581,Directed,1.0
224,269,Directed,1.0
56,627,Directed,1.0
792,465,Directed,0.8888888888888888
41,465,Directed,0.1111111111111111
556,855,Directed,1.0
556,253,Directed,1.0
593,137,Directed,1.0
792,582,Directed,0.5
214,582,Directed,0.5
849,272,Directed,0.5
826,272,Directed,0.5
849,272,Directed,0.5
558,272,Directed,0.5
272,328,Directed,1.0
272,328,Directed,1.0
272,601,Directed,1.0
272,601,Directed,1.0
272,320,Directed,1.0
272,320,Directed,1.0
73,261,Directed,0.5
826,261,Directed,0.5
73,261,Directed,0.5
558,261,Directed,0.5
261,594,Directed,1.0
261,594,Directed,1.0
261,66,Directed,1.0
261,66,Directed,1.0
261,718,Directed,1.0
261,718,Directed,1.0
826,455,Directed,1.0
597,124,Directed,0.5
726,124,Directed,0.5
730,464,Directed,1.0
464,228,Directed,1.0
464,228,Directed,1.0
464,450,Directed,1.0
464,450,Directed,1.0
464,504,Directed,1.0
464,504,Directed,1.0
757,803,Directed,0.3333333333333333
553,803,Directed,0.3333333333333333
745,803,Directed,0.3333333333333333
865,440,Directed,1.0
708,621,Directed,0.5
579,621,Directed,0.5
579,387,Directed,1.0
626,586,Directed,0.5
579,586,Directed,0.5
71,820,Directed,0.5
579,820,Directed,0.5
271,358,Directed,0.5
579,358,Directed,0.5
522,303,Directed,0.5
579,303,Directed,0.5
657,579,Directed,0.5
498,579,Directed,0.5
387,579,Directed,1.0
156,260,Directed,0.5
579,260,Directed,0.5
208,6,Directed,0.5
579,6,Directed,0.5
624,657,Directed,1.0
624,657,Directed,1.0
311,420,Directed,0.5
579,420,Directed,0.5
268,363,Directed,0.5
579,363,Directed,0.5
629,152,Directed,1.0
152,141,Directed,1.0
152,312,Directed,0.3333333333333333
141,312,Directed,0.6666666666666666
141,258,Directed,1.0
141,258,Directed,1.0
141,139,Directed,1.0
141,139,Directed,1.0
141,246,Directed,1.0
141,246,Directed,1.0
613,781,Directed,1.0
100,793,Directed,0.8888888888888888
441,793,Directed,0.1111111111111111
812,770,Directed,1.0
812,171,Directed,1.0
307,163,Directed,0.5
770,163,Directed,0.5
812,448,Directed,1.0
631,560,Directed,0.3333333333333333
812,560,Directed,0.6666666666666666
631,574,Directed,0.6666666666666666
812,574,Directed,0.3333333333333333
588,812,Directed,1.0
812,869,Directed,1.0
812,296,Directed,0.8571428571428571
631,296,Directed,0.14285714285714285
812,403,Directed,1.0
812,157,Directed,1.0
812,751,Directed,1.0
561,570,Directed,1.0
849,90,Directed,0.6666666666666666
154,90,Directed,0.1111111111111111
441,90,Directed,0.2222222222222222
333,92,Directed,0.8571428571428571
631,92,Directed,0.14285714285714285
333,169,Directed,0.5
100,169,Directed,0.5
752,169,Directed,0.5
563,169,Directed,0.5
833,32,Directed,0.5
563,32,Directed,0.5
333,788,Directed,1.0
445,788,Directed,0.8888888888888888
563,788,Directed,0.1111111111111111
563,785,Directed,0.1111111111111111
421,785,Directed,0.4444444444444444
536,785,Directed,0.4444444444444444
239,563,Directed,1.0
501,563,Directed,0.5
368,563,Directed,0.5
385,72,Directed,1.0
541,463,Directed,0.8888888888888888
563,463,Directed,0.1111111111111111
463,525,Directed,1.0
598,525,Directed,0.8888888888888888
563,525,Directed,0.1111111111111111
210,385,Directed,0.8888888888888888
563,385,Directed,0.1111111111111111
563,333,Directed,0.5
412,333,Directed,0.5
817,59,Directed,1.0
817,59,Directed,1.0
59,635,Directed,1.0
817,635,Directed,1.0
59,635,Directed,1.0
59,153,Directed,1.0
817,153,Directed,1.0
59,153,Directed,1.0
278,503,Directed,1.0
597,730,Directed,0.5
97,730,Directed,0.5
631,68,Directed,0.8888888888888888
128,68,Directed,0.1111111111111111
818,792,Directed,1.0
243,395,Directed,0.8571428571428571
631,395,Directed,0.14285714285714285
243,641,Directed,0.5
100,641,Directed,0.5
752,641,Directed,0.5
95,641,Directed,0.5
833,499,Directed,0.5
95,499,Directed,0.5
243,75,Directed,1.0
445,75,Directed,0.8888888888888888
95,75,Directed,0.1111111111111111
95,538,Directed,0.1111111111111111
421,538,Directed,0.4444444444444444
536,538,Directed,0.4444444444444444
177,95,Directed,1.0
135,95,Directed,1.0
501,95,Directed,0.5
762,95,Directed,0.5
789,375,Directed,1.0
541,286,Directed,0.8888888888888888
95,286,Directed,0.1111111111111111
286,700,Directed,1.0
598,700,Directed,0.8888888888888888
95,700,Directed,0.1111111111111111
210,789,Directed,0.8888888888888888
95,789,Directed,0.1111111111111111
95,243,Directed,0.5
412,243,Directed,0.5
849,486,Directed,0.4444444444444444
441,486,Directed,0.1111111111111111
100,486,Directed,0.3333333333333333
593,486,Directed,0.1111111111111111
242,218,Directed,1.0
242,218,Directed,1.0
218,379,Directed,1.0
242,379,Directed,1.0
218,379,Directed,1.0
218,822,Directed,1.0
242,822,Directed,1.0
218,822,Directed,1.0
14,359,Directed,1.0
14,359,Directed,1.0
736,772,Directed,1.0
772,867,Directed,1.0
736,867,Directed,1.0
772,867,Directed,1.0
867,240,Directed,1.0
736,240,Directed,1.0
867,240,Directed,1.0
772,240,Directed,1.0
867,360,Directed,1.0
736,360,Directed,1.0
867,360,Directed,1.0
772,360,Directed,1.0
867,662,Directed,1.0
736,662,Directed,1.0
867,662,Directed,1.0
772,662,Directed,1.0
772,671,Directed,1.0
736,772,Directed,1.0
772,520,Directed,1.0
772,280,Directed,1.0
736,280,Directed,1.0
772,280,Directed,1.0
772,824,Directed,1.0
736,824,Directed,1.0
772,824,Directed,1.0
772,332,Directed,1.0
736,332,Directed,1.0
772,332,Directed,1.0
78,512,Directed,1.0
78,512,Directed,1.0
512,602,Directed,1.0
78,602,Directed,1.0
512,602,Directed,1.0
512,191,Directed,1.0
78,191,Directed,1.0
512,191,Directed,1.0
512,851,Directed,1.0
78,851,Directed,1.0
512,851,Directed,1.0
743,399,Directed,1.0
743,399,Directed,1.0
399,114,Directed,1.0
743,114,Directed,1.0
399,114,Directed,1.0
399,532,Directed,1.0
743,532,Directed,1.0
399,532,Directed,1.0
678,49,Directed,1.0
678,49,Directed,1.0
49,692,Directed,1.0
678,692,Directed,1.0
49,692,Directed,1.0
49,419,Directed,1.0
678,419,Directed,1.0
49,419,Directed,1.0
282,585,Directed,1.0
631,724,Directed,0.125
441,724,Directed,0.125
498,724,Directed,0.75
84,362,Directed,1.0
84,396,Directed,1.0
396,219,Directed,1.0
396,219,Directed,1.0
396,245,Directed,1.0
396,245,Directed,1.0
362,513,Directed,1.0
362,513,Directed,1.0
362,663,Directed,1.0
362,663,Directed,1.0
362,695,Directed,1.0
362,695,Directed,1.0
864,687,Directed,0.3333333333333333
673,687,Directed,0.3333333333333333
710,687,Directed,0.3333333333333333
864,386,Directed,1.0
249,705,Directed,0.8571428571428571
631,705,Directed,0.14285714285714285
249,500,Directed,0.5
100,500,Directed,0.5
752,500,Directed,0.5
161,500,Directed,0.5
833,775,Directed,0.5
161,775,Directed,0.5
249,369,Directed,1.0
445,369,Directed,0.8888888888888888
161,369,Directed,0.1111111111111111
161,840,Directed,0.1111111111111111
421,840,Directed,0.4444444444444444
536,840,Directed,0.4444444444444444
74,161,Directed,0.5
501,161,Directed,0.5
852,34,Directed,1.0
541,91,Directed,0.8888888888888888
161,91,Directed,0.1111111111111111
91,798,Directed,1.0
598,798,Directed,0.8888888888888888
161,798,Directed,0.1111111111111111
210,852,Directed,0.8888888888888888
161,852,Directed,0.1111111111111111
161,249,Directed,0.5
412,249,Directed,0.5
585,647,Directed,1.0
444,438,Directed,1.0
647,438,Directed,1.0
647,444,Directed,1.0
438,444,Directed,1.0
647,444,Directed,1.0
647,731,Directed,1.0
438,731,Directed,1.0
647,731,Directed,1.0
552,154,Directed,1.0
154,354,Directed,1.0
354,181,Directed,1.0
354,181,Directed,1.0
552,154,Directed,1.0
354,685,Directed,1.0
354,685,Directed,1.0
424,771,Directed,1.0
354,771,Directed,1.0
685,771,Directed,1.0
354,771,Directed,1.0
424,199,Directed,1.0
354,199,Directed,1.0
685,199,Directed,1.0
354,199,Directed,1.0
577,37,Directed,0.2
22,37,Directed,0.2
745,37,Directed,0.2
650,37,Directed,0.2
757,37,Directed,0.2
577,37,Directed,0.2
22,37,Directed,0.2
745,37,Directed,0.2
650,37,Directed,0.2
553,37,Directed,0.2
631,174,Directed,0.14285714285714285
593,174,Directed,0.8571428571428571
528,96,Directed,1.0
96,528,Directed,1.0
439,29,Directed,1.0
29,439,Directed,1.0
13,93,Directed,1.0
93,13,Directed,1.0
41,814,Directed,0.1111111111111111
422,814,Directed,0.8888888888888888
266,441,Directed,1.0
441,266,Directed,1.0
457,441,Directed,1.0
234,441,Directed,1.0
457,441,Directed,1.0
234,441,Directed,1.0
466,188,Directed,0.2
441,188,Directed,0.8
631,847,Directed,0.5
441,847,Directed,0.5
488,47,Directed,0.8571428571428571
631,47,Directed,0.14285714285714285
488,50,Directed,0.5
100,50,Directed,0.5
752,50,Directed,0.5
501,50,Directed,0.5
833,225,Directed,0.5
501,225,Directed,0.5
488,467,Directed,1.0
445,467,Directed,0.8888888888888888
501,467,Directed,0.1111111111111111
501,155,Directed,0.1111111111111111
421,155,Directed,0.4444444444444444
536,155,Directed,0.4444444444444444
839,501,Directed,1.0
637,501,Directed,1.0
744,501,Directed,1.0
390,501,Directed,1.0
17,226,Directed,1.0
152,557,Directed,0.5
613,557,Directed,0.5
557,649,Directed,1.0
557,649,Directed,1.0
557,327,Directed,1.0
557,327,Directed,1.0
557,5,Directed,1.0
557,5,Directed,1.0
2,539,Directed,1.0
539,660,Directed,1.0
367,660,Directed,1.0
539,660,Directed,1.0
539,677,Directed,1.0
367,677,Directed,1.0
819,677,Directed,1.0
539,677,Directed,1.0
539,531,Directed,1.0
539,531,Directed,1.0
541,529,Directed,0.8888888888888888
501,529,Directed,0.1111111111111111
529,727,Directed,1.0
598,727,Directed,0.8888888888888888
501,727,Directed,0.1111111111111111
210,17,Directed,0.8888888888888888
501,17,Directed,0.1111111111111111
501,488,Directed,0.5
412,488,Directed,0.5
847,831,Directed,0.3333333333333333
31,831,Directed,0.5
441,831,Directed,0.16666666666666666
466,653,Directed,0.3333333333333333
46,653,Directed,0.6666666666666666
421,305,Directed,1.0
305,753,Directed,1.0
23,753,Directed,1.0
305,753,Directed,1.0
305,143,Directed,1.0
23,143,Directed,1.0
473,143,Directed,1.0
305,143,Directed,1.0
305,709,Directed,1.0
305,709,Directed,1.0
288,315,Directed,0.8571428571428571
125,315,Directed,0.14285714285714285
454,786,Directed,0.5555555555555556
84,786,Directed,0.4444444444444444
593,201,Directed,1.0
100,63,Directed,0.8571428571428571
593,63,Directed,0.14285714285714285
307,656,Directed,0.3333333333333333
1,656,Directed,0.6666666666666666
792,321,Directed,0.5
105,321,Directed,0.5
844,64,Directed,1.0
64,844,Directed,1.0
100,202,Directed,0.6666666666666666
593,202,Directed,0.3333333333333333
845,175,Directed,0.8
170,175,Directed,0.2
14,741,Directed,1.0
354,485,Directed,1.0
485,290,Directed,1.0
485,290,Directed,1.0
485,373,Directed,1.0
485,373,Directed,1.0
539,846,Directed,1.0
846,19,Directed,1.0
846,19,Directed,1.0
846,828,Directed,1.0
846,828,Directed,1.0
305,67,Directed,1.0
67,491,Directed,1.0
67,491,Directed,1.0
67,89,Directed,1.0
67,89,Directed,1.0
31,237,Directed,1.0
237,306,Directed,1.0
237,306,Directed,1.0
469,686,Directed,1.0
365,469,Directed,1.0
376,719,Directed,0.14285714285714285
845,719,Directed,0.42857142857142855
631,719,Directed,0.42857142857142855
456,21,Directed,0.1111111111111111
866,21,Directed,0.8888888888888888
631,456,Directed,0.3333333333333333
376,456,Directed,0.3333333333333333
562,456,Directed,0.3333333333333333
827,456,Directed,0.3333333333333333
493,292,Directed,0.8
176,292,Directed,0.2
571,167,Directed,1.0
238,559,Directed,1.0
238,35,Directed,1.0
307,661,Directed,0.5
559,661,Directed,0.5
238,262,Directed,1.0
631,551,Directed,0.3333333333333333
238,551,Directed,0.6666666666666666
631,603,Directed,0.6666666666666666
238,603,Directed,0.3333333333333333
317,238,Directed,1.0
238,338,Directed,1.0
238,482,Directed,0.8571428571428571
631,482,Directed,0.14285714285714285
238,492,Directed,1.0
238,680,Directed,1.0
238,684,Directed,1.0
398,622,Directed,1.0
349,605,Directed,0.3333333333333333
378,605,Directed,0.6666666666666666
100,631,Directed,1.0
486,42,Directed,0.5
64,42,Directed,0.5
288,631,Directed,1.0
849,31,Directed,1.0
31,254,Directed,0.75
593,254,Directed,0.25
631,876,Directed,0.4
198,876,Directed,0.6
31,73,Directed,1.0
31,73,Directed,1.0
73,197,Directed,1.0
73,197,Directed,1.0
31,197,Directed,1.0
73,694,Directed,1.0
73,694,Directed,1.0
31,694,Directed,1.0
73,550,Directed,1.0
31,550,Directed,1.0
73,550,Directed,1.0
31,158,Directed,1.0
631,584,Directed,0.5
198,584,Directed,0.5
631,397,Directed,0.4
198,397,Directed,0.6
31,136,Directed,1.0
631,651,Directed,0.6666666666666666
198,651,Directed,0.3333333333333333
31,495,Directed,1.0
31,495,Directed,1.0
31,178,Directed,1.0
31,178,Directed,1.0
631,497,Directed,0.3333333333333333
198,497,Directed,0.6666666666666666
351,554,Directed,1.0
25,52,Directed,1.0
206,414,Directed,1.0
676,878,Directed,1.0
787,138,Directed,1.0
459,285,Directed,1.0
182,515,Directed,1.0
88,119,Directed,1.0
458,707,Directed,1.0
806,673,Directed,1.0
818,673,Directed,1.0
355,69,Directed,0.2
441,69,Directed,0.8
264,210,Directed,1.0
541,810,Directed,0.2
349,810,Directed,0.8
421,720,Directed,0.4444444444444444
2,720,Directed,0.4444444444444444
877,720,Directed,0.5555555555555556
720,116,Directed,0.5
137,116,Directed,0.5
631,761,Directed,0.5
562,761,Directed,0.5
827,761,Directed,0.5
307,690,Directed,0.5
526,690,Directed,0.5
100,526,Directed,0.3333333333333333
593,526,Directed,0.3333333333333333
631,526,Directed,0.3333333333333333
733,799,Directed,1.0
184,774,Directed,1.0
184,858,Directed,1.0
631,764,Directed,0.3333333333333333
184,764,Directed,0.6666666666666666
631,43,Directed,0.6666666666666666
184,43,Directed,0.3333333333333333
853,524,Directed,0.5
371,524,Directed,0.5
145,401,Directed,1.0
294,184,Directed,1.0
184,107,Directed,1.0
184,314,Directed,0.8571428571428571
631,314,Directed,0.14285714285714285
184,760,Directed,1.0
184,250,Directed,1.0
184,615,Directed,1.0
608,808,Directed,0.5
383,808,Directed,0.5
808,693,Directed,1.0
27,693,Directed,0.5
383,693,Directed,0.5
808,693,Directed,1.0
693,742,Directed,1.0
636,742,Directed,0.5
383,742,Directed,0.5
808,742,Directed,1.0
693,742,Directed,1.0
693,400,Directed,1.0
767,400,Directed,0.5
383,400,Directed,0.5
808,400,Directed,1.0
693,400,Directed,1.0
813,53,Directed,0.5
383,53,Directed,0.5
53,797,Directed,1.0
773,797,Directed,0.5
383,797,Directed,0.5
53,797,Directed,1.0
797,735,Directed,1.0
595,735,Directed,0.5
383,735,Directed,0.5
53,735,Directed,1.0
797,735,Directed,1.0
797,144,Directed,1.0
308,144,Directed,0.5
383,144,Directed,0.5
53,144,Directed,1.0
797,144,Directed,1.0
817,478,Directed,0.5
383,478,Directed,0.5
478,48,Directed,1.0
59,48,Directed,0.5
383,48,Directed,0.5
478,48,Directed,1.0
48,339,Directed,1.0
635,339,Directed,0.5
383,339,Directed,0.5
478,339,Directed,1.0
48,339,Directed,1.0
48,348,Directed,1.0
153,348,Directed,0.5
383,348,Directed,0.5
478,348,Directed,1.0
48,348,Directed,1.0
426,723,Directed,0.5
383,723,Directed,0.5
723,566,Directed,1.0
415,566,Directed,0.5
383,566,Directed,0.5
723,566,Directed,1.0
566,628,Directed,1.0
329,628,Directed,0.5
383,628,Directed,0.5
723,628,Directed,1.0
566,628,Directed,1.0
566,24,Directed,1.0
98,24,Directed,0.5
383,24,Directed,0.5
723,24,Directed,1.0
566,24,Directed,1.0
426,415,Directed,1.0
426,415,Directed,1.0
415,329,Directed,1.0
426,329,Directed,1.0
415,329,Directed,1.0
415,98,Directed,1.0
426,98,Directed,1.0
415,98,Directed,1.0
355,97,Directed,1.0
412,645,Directed,0.8571428571428571
631,645,Directed,0.14285714285714285
412,752,Directed,0.5
100,752,Directed,0.5
833,871,Directed,0.5
762,871,Directed,0.5
412,445,Directed,1.0
762,701,Directed,0.1111111111111111
421,701,Directed,0.4444444444444444
536,701,Directed,0.4444444444444444
248,762,Directed,1.0
423,762,Directed,1.0
257,712,Directed,1.0
541,780,Directed,0.8888888888888888
762,780,Directed,0.1111111111111111
780,514,Directed,1.0
598,514,Directed,0.8888888888888888
762,514,Directed,0.1111111111111111
210,257,Directed,0.8888888888888888
762,257,Directed,0.1111111111111111
125,412,Directed,1.0
631,425,Directed,0.4
100,425,Directed,0.6
631,580,Directed,0.5
100,580,Directed,0.5
631,873,Directed,0.4
100,873,Directed,0.6
631,796,Directed,0.6666666666666666
100,796,Directed,0.3333333333333333
631,380,Directed,0.3333333333333333
100,380,Directed,0.6666666666666666
732,461,Directed,0.3333333333333333
606,461,Directed,0.3333333333333333
99,461,Directed,0.3333333333333333
453,316,Directed,0.8571428571428571
631,316,Directed,0.14285714285714285
453,777,Directed,0.5
100,777,Directed,0.5
752,777,Directed,0.5
368,777,Directed,0.5
833,319,Directed,0.5
368,319,Directed,0.5
453,26,Directed,1.0
445,26,Directed,0.8888888888888888
368,26,Directed,0.1111111111111111
368,768,Directed,0.1111111111111111
421,768,Directed,0.4444444444444444
536,768,Directed,0.4444444444444444
101,368,Directed,1.0
110,368,Directed,1.0
83,274,Directed,1.0
541,30,Directed,0.8888888888888888
368,30,Directed,0.1111111111111111
30,263,Directed,1.0
598,263,Directed,0.8888888888888888
368,263,Directed,0.1111111111111111
210,83,Directed,0.8888888888888888
368,83,Directed,0.1111111111111111
368,453,Directed,0.5
412,453,Directed,0.5
